{"cameraMode":{"drawMode":0,"name":"Shaded","section":"Shading Mode"},"sceneLighting":false,"audioPlay":false,"sceneViewState":{"showFog":true,"showMaterialUpdate":true,"showSkybox":true,"showFlares":true,"showImageEffects":true,"showParticleSystems":true},"in2DMode":false,"pivot":{"x":-0.4831267297267914,"y":-1.7943193912506104,"z":-1.1917333602905274},"rotation":{"x":-0.20096401870250703,"y":0.0384836383163929,"z":-0.007901373319327832,"w":-0.9788124561309815},"size":3.817640542984009,"orthographic":false}